{"loss": [1.1744024753570557, 0.9529467225074768, 0.9467387199401855, 0.9412695169448853, 0.9429741501808167, 0.9331659078598022, 0.9318073987960815, 0.9262012839317322, 0.9230166077613831, 0.9199867844581604, 0.9180089235305786, 0.916022539138794, 0.9147861003875732, 0.9130281805992126, 0.9113097786903381, 0.9107151031494141, 0.9093660116195679, 0.9073976278305054, 0.907752275466919, 0.90789794921875, 0.9065013527870178, 0.9063762426376343, 0.9055117964744568, 0.9052550196647644, 0.9052749276161194, 0.9051030874252319, 0.9043962359428406, 0.9037309885025024, 0.9039899706840515, 0.9037268757820129], "val_loss": [1.1144343614578247, 1.0143059492111206, 1.023307204246521, 1.4950940608978271, 1.0966130495071411, 1.0048426389694214, 1.4196070432662964, 0.9923551082611084, 1.1739791631698608, 1.6392078399658203, 0.9978310465812683, 1.3223083019256592, 1.5071395635604858, 0.9950202703475952, 0.9908291101455688, 0.9974989295005798, 1.4718228578567505, 1.0069221258163452, 1.461389422416687, 1.4280083179473877, 1.1220906972885132, 1.449005126953125, 1.1526299715042114, 1.457411766052246, 1.3842852115631104, 1.28736412525177, 1.4370416402816772, 1.026363730430603, 1.388858437538147, 1.0672637224197388]}