{"loss": [0.8562517762184143, 0.8041719794273376, 0.7924227118492126, 0.7861682176589966, 0.7820178866386414, 0.7787384986877441, 0.7758639454841614, 0.7734017968177795, 0.7708537578582764, 0.7690668106079102, 0.7775850296020508, 0.7667557001113892, 0.7650917768478394, 0.7637828588485718, 0.7623060345649719, 0.7612318396568298, 0.7601149082183838, 0.7588966488838196, 0.7575875520706177, 0.7717387676239014, 0.7598147988319397, 0.7620239853858948, 0.7603728771209717, 0.7561686038970947, 0.7586912512779236, 0.7600870132446289, 0.7715165615081787, 0.7553883790969849, 0.7666624188423157, 0.7534765005111694, 0.7637795805931091, 0.760206937789917, 0.753681480884552, 0.7559112310409546], "val_loss": [0.8904880881309509, 0.85648113489151, 0.8482231497764587, 0.8472149968147278, 0.8412998914718628, 0.8387273550033569, 0.8382421731948853, 0.8344159126281738, 0.8362180590629578, 0.8330813050270081, 0.8372321724891663, 0.8322184681892395, 0.8322350382804871, 0.8303147554397583, 0.8317260146141052, 0.8290891051292419, 0.832472026348114, 0.8338812589645386, 0.8319673538208008, 0.8313165307044983, 0.8299391865730286, 0.8302468657493591, 0.831348180770874, 0.828611433506012, 0.8289330005645752, 0.8250957727432251, 0.8288906216621399, 0.8268880248069763, 0.8291714191436768, 0.8275378942489624, 0.8310478329658508, 0.8269699215888977, 0.8268583416938782, 0.8291211724281311]}