{"loss": [0.7650083899497986, 0.7018812894821167, 0.6885738372802734, 0.6797680854797363, 0.6733518838882446, 0.6696068048477173, 0.6669023036956787, 0.6649037599563599, 0.6640540957450867, 0.6625766158103943, 0.6611636877059937, 0.6596876382827759, 0.6595020294189453, 0.6577221751213074, 0.6572065949440002, 0.6557522416114807, 0.6558564901351929, 0.6549122929573059, 0.6539909839630127, 0.6530269384384155, 0.6592168211936951, 0.6522863507270813, 0.65205979347229, 0.6519904136657715, 0.6508789658546448, 0.6505792737007141, 0.6506646275520325, 0.6499049663543701, 0.649872362613678, 0.6488355398178101, 0.6489899158477783, 0.6484618782997131, 0.6478078365325928, 0.6480323076248169, 0.6473128795623779], "val_loss": [0.77638840675354, 0.7454091906547546, 0.7341814637184143, 0.7279311418533325, 0.724032998085022, 0.7182580828666687, 0.7172759771347046, 0.7137422561645508, 0.7124093174934387, 0.7120872139930725, 0.7121859788894653, 0.7093547582626343, 0.7091872692108154, 0.7075877785682678, 0.7067262530326843, 0.7053318023681641, 0.7048657536506653, 0.7033363580703735, 0.7040485739707947, 0.7020009756088257, 0.7101777195930481, 0.7025957107543945, 0.701437771320343, 0.7048659920692444, 0.7011733651161194, 0.7015851140022278, 0.7008775472640991, 0.6997036337852478, 0.697856068611145, 0.700732409954071, 0.6980974078178406, 0.6971361637115479, 0.6967256665229797, 0.6970256567001343, 0.697407066822052]}