{"loss": [0.5141149759292603, 0.42066168785095215, 0.39462435245513916, 0.38823649287223816, 0.38555166125297546, 0.38460999727249146, 0.3817264437675476, 0.3766176700592041, 0.37363389134407043, 0.3721020519733429, 0.3725692927837372, 0.3752034306526184, 0.3702789545059204, 0.3678232729434967, 0.37483763694763184, 0.3673064112663269, 0.36721980571746826, 0.36486488580703735, 0.3673669397830963, 0.3634718656539917, 0.36393314599990845, 0.3681994378566742, 0.3617187440395355, 0.36414122581481934, 0.36589574813842773, 0.35906878113746643, 0.3656681180000305, 0.3607047200202942, 0.3621706962585449, 0.35771745443344116, 0.3575245440006256, 0.35660961270332336, 0.35690203309059143, 0.3580489754676819, 0.3572362959384918, 0.36236754059791565, 0.35418644547462463, 0.35640591382980347, 0.35476842522621155, 0.355235755443573, 0.3568704128265381, 0.35875067114830017, 0.3591344952583313, 0.3535562753677368, 0.3554241359233856, 0.3550207316875458, 0.35814806818962097, 0.3523746728897095, 0.35598987340927124, 0.35131990909576416, 0.35123565793037415, 0.35440462827682495, 0.35177716612815857, 0.3503401279449463, 0.3521750569343567, 0.35278263688087463, 0.3504224717617035, 0.35475921630859375, 0.3515951633453369, 0.34911397099494934, 0.35465699434280396, 0.35315877199172974, 0.3489893674850464, 0.34880757331848145, 0.3477472960948944, 0.3515186309814453, 0.34765949845314026, 0.3479308485984802, 0.3477335274219513, 0.3492431342601776, 0.3469386398792267, 0.3499475419521332, 0.3484005331993103, 0.35427096486091614, 0.3490878939628601, 0.34703323245048523, 0.34671297669410706, 0.3463970422744751, 0.3462492823600769, 0.351800799369812, 0.3459671139717102, 0.3459780812263489, 0.3500582277774811, 0.34517887234687805, 0.34522688388824463, 0.3454134464263916, 0.3487357497215271, 0.3469473719596863, 0.34446385502815247, 0.34912562370300293, 0.34729284048080444, 0.3444092571735382, 0.3446054756641388, 0.3442158102989197, 0.3446156680583954, 0.34407156705856323, 0.34952154755592346, 0.3441127836704254, 0.3510081470012665, 0.34381723403930664], "val_loss": [0.4547472894191742, 0.42245665192604065, 0.4158237874507904, 0.41296663880348206, 0.40356457233428955, 0.3979886472225189, 0.3994685411453247, 0.4014442265033722, 0.39295363426208496, 0.3892535865306854, 0.38941410183906555, 0.3915190100669861, 0.3857640326023102, 0.3859211206436157, 0.38899704813957214, 0.3852829933166504, 0.382982462644577, 0.3816142678260803, 0.3822155296802521, 0.38088005781173706, 0.3797723650932312, 0.37978294491767883, 0.3791542947292328, 0.38221126794815063, 0.38054347038269043, 0.3782617449760437, 0.378165066242218, 0.3791939318180084, 0.37677261233329773, 0.374573677778244, 0.37459081411361694, 0.37602698802948, 0.375659704208374, 0.3742099404335022, 0.3735009431838989, 0.3748963177204132, 0.3728718161582947, 0.37309569120407104, 0.3749358654022217, 0.3739378750324249, 0.3721759021282196, 0.37191787362098694, 0.37199440598487854, 0.37159302830696106, 0.37127089500427246, 0.37228694558143616, 0.3729420602321625, 0.3706778585910797, 0.37096747756004333, 0.37011295557022095, 0.36929604411125183, 0.3713071942329407, 0.3689965307712555, 0.3683815598487854, 0.36859607696533203, 0.3687182068824768, 0.3679838478565216, 0.36924052238464355, 0.36833372712135315, 0.3689473271369934, 0.36845940351486206, 0.37142857909202576, 0.36756548285484314, 0.3667105436325073, 0.3671049177646637, 0.3672419786453247, 0.3684523105621338, 0.36689838767051697, 0.3702837824821472, 0.36781561374664307, 0.36681851744651794, 0.3662015199661255, 0.3660513162612915, 0.36773988604545593, 0.3668646216392517, 0.36548078060150146, 0.3653201460838318, 0.36584851145744324, 0.3651377260684967, 0.3658759593963623, 0.36459508538246155, 0.3664635419845581, 0.36496269702911377, 0.3643242120742798, 0.36709412932395935, 0.364233136177063, 0.3649686574935913, 0.36429688334465027, 0.3643859326839447, 0.3667355179786682, 0.3655488193035126, 0.36406755447387695, 0.3638578951358795, 0.36407917737960815, 0.36418014764785767, 0.36354291439056396, 0.36431533098220825, 0.36398276686668396, 0.36509162187576294, 0.36455926299095154]}