{"loss": [0.2694229781627655, 0.22195634245872498, 0.21080121397972107, 0.20737554132938385, 0.20623773336410522, 0.20200863480567932, 0.2014598548412323], "val_loss": [0.2609999477863312, 0.24101027846336365, 0.2358032912015915, 0.23143598437309265, 0.22835105657577515, 0.22704419493675232, 0.2262251377105713]}