{"loss": [0.8259962797164917, 0.7696487307548523, 0.7583609819412231, 0.7533667683601379, 0.7490981221199036, 0.7447932362556458, 0.7376236319541931, 0.7341977953910828, 0.7315387725830078, 0.7306533455848694, 0.7289684414863586, 0.7279283404350281, 0.7267472743988037, 0.7264569997787476, 0.7252756357192993, 0.7244724035263062, 0.7234240770339966, 0.7224551439285278, 0.7226031422615051, 0.7214295268058777], "val_loss": [0.8548958897590637, 0.81742924451828, 0.8127350211143494, 0.8061680793762207, 0.8033567667007446, 0.7965129613876343, 0.7904356718063354, 0.786754310131073, 0.7974043488502502, 0.7856106162071228, 0.7878727316856384, 0.7839273810386658, 0.7794635891914368, 0.7837555408477783, 0.7779096364974976, 0.7790541052818298, 0.7793792486190796, 0.7773991823196411, 0.7752756476402283, 0.7795091271400452]}