{"loss": [0.9632839560508728, 0.9220227599143982, 0.9133532047271729, 0.9075786471366882, 0.9036237001419067, 0.9007771611213684, 0.8985069990158081, 0.8966658711433411, 0.8946827054023743, 0.8933324217796326, 0.891794741153717, 0.8905971646308899, 0.889305591583252, 0.8881322145462036, 0.8871126770973206, 0.8860993981361389, 0.8851449489593506, 0.8936680555343628, 0.8877142071723938, 0.8872877955436707, 0.8870721459388733, 0.8862310647964478, 0.8858439326286316, 0.8854819536209106, 0.8848114013671875, 0.8844253420829773, 0.8839046955108643, 0.8836759924888611, 0.8830445408821106, 0.8826396465301514, 0.8821556568145752, 0.881659209728241, 0.881725549697876, 0.8812652826309204, 0.8809585571289062, 0.8845556378364563, 0.8802241086959839, 0.8800250887870789, 0.8799340128898621, 0.8798186182975769, 0.8794504404067993, 0.8792043328285217, 0.8795242309570312, 0.8790533542633057, 0.8786719441413879, 0.8784231543540955, 0.8781673312187195, 0.8778591156005859, 0.8777012825012207, 0.8776466250419617, 0.8775376677513123, 0.8770286440849304, 0.8768768906593323, 0.8766137957572937, 0.8763024806976318, 0.8796966671943665, 0.8759697079658508, 0.8760116100311279, 0.8761143088340759, 0.8756997585296631, 0.8754024505615234, 0.8756208419799805, 0.8754119873046875, 0.8751019835472107, 0.8749100565910339, 0.874986469745636, 0.8742135763168335, 0.8746792674064636, 0.874403715133667, 0.8740068674087524, 0.8740972280502319, 0.8737637400627136, 0.8736881017684937, 0.8738229870796204, 0.8734116554260254, 0.8733556270599365, 0.8731371164321899, 0.8729074001312256, 0.8729502558708191, 0.872622549533844, 0.8728062510490417, 0.8725711703300476, 0.872667133808136, 0.8722376823425293, 0.8721204400062561, 0.872342050075531, 0.8715118169784546, 0.8717741370201111, 0.8718715906143188, 0.8717517256736755, 0.8717358112335205, 0.871383547782898, 0.8712373971939087, 0.8711777925491333, 0.8707940578460693, 0.8710524439811707, 0.8707573413848877, 0.8708820343017578, 0.8703314661979675, 0.8708006143569946], "val_loss": [0.9850468635559082, 0.9734030961990356, 0.966153621673584, 0.9627149105072021, 0.9599919319152832, 0.9593039751052856, 0.9573939442634583, 0.9550573229789734, 0.9538820385932922, 0.953397274017334, 0.9546393156051636, 0.9517270922660828, 0.9523365497589111, 0.9542921781539917, 0.9506446123123169, 0.9512861967086792, 0.9503766298294067, 0.9499748945236206, 0.949600338935852, 0.9494606852531433, 0.9477155804634094, 0.9470123648643494, 0.9471005797386169, 0.9464148879051208, 0.9458279609680176, 0.9458821415901184, 0.9451892971992493, 0.9449737071990967, 0.9462898969650269, 0.9448551535606384, 0.9441462755203247, 0.945712685585022, 0.9448851346969604, 0.9434958100318909, 0.9430460333824158, 0.951122522354126, 0.9432826042175293, 0.9450416564941406, 0.9438543915748596, 0.9425129890441895, 0.942507803440094, 0.9443354606628418, 0.9426513314247131, 0.9432739615440369, 0.9431031942367554, 0.9422601461410522, 0.9423841238021851, 0.9420640468597412, 0.9426335692405701, 0.9421497583389282, 0.9431854486465454, 0.9421288967132568, 0.9421235918998718, 0.9421792030334473, 0.9418967366218567, 0.9433615803718567, 0.941254198551178, 0.9409934878349304, 0.9420563578605652, 0.9411187171936035, 0.9412209391593933, 0.9426199197769165, 0.9412744045257568, 0.9412201642990112, 0.9410767555236816, 0.9408010840415955, 0.9407843947410583, 0.940868079662323, 0.941907525062561, 0.9407386183738708, 0.9410097599029541, 0.9414887428283691, 0.9419714212417603, 0.9410197734832764, 0.9419400691986084, 0.9407668709754944, 0.9406885504722595, 0.9413869380950928, 0.9411016702651978, 0.9407008290290833, 0.940339982509613, 0.9410432577133179, 0.9414123892784119, 0.9406085014343262, 0.9408517479896545, 0.9414950609207153, 0.9416570067405701, 0.9405380487442017, 0.9407007098197937, 0.9412680864334106, 0.9405965209007263, 0.9403066039085388, 0.9406485557556152, 0.9412638545036316, 0.9413862228393555, 0.9417464137077332, 0.9410922527313232, 0.9410170316696167, 0.9409077763557434, 0.9403340816497803]}