{"loss": [0.44006869196891785, 0.3897685110569, 0.38041117787361145, 0.37532564997673035, 0.3721765875816345, 0.3697025775909424, 0.366808146238327, 0.36579054594039917, 0.3645157217979431, 0.361981064081192, 0.36233144998550415, 0.36019453406333923, 0.3595828413963318, 0.35890597105026245, 0.35816285014152527, 0.3585781753063202, 0.3570330739021301, 0.3568243980407715, 0.3632669746875763, 0.356414258480072, 0.3561743199825287, 0.3552444577217102, 0.35518163442611694, 0.35487091541290283, 0.35408681631088257, 0.3540176451206207, 0.35364896059036255, 0.35896602272987366, 0.35324737429618835, 0.3530222177505493, 0.35291874408721924, 0.3527108430862427, 0.3520379066467285, 0.35200831294059753, 0.35167455673217773, 0.35126444697380066, 0.3511408567428589], "val_loss": [0.4242773652076721, 0.3966040313243866, 0.3941514790058136, 0.39529186487197876, 0.40701064467430115, 0.3839026093482971, 0.3820565938949585, 0.37825798988342285, 0.37915417551994324, 0.3762224018573761, 0.3773083984851837, 0.37641337513923645, 0.3769095242023468, 0.37440624833106995, 0.3755050301551819, 0.3770124614238739, 0.3726692199707031, 0.37236523628234863, 0.37654849886894226, 0.3764018416404724, 0.37231963872909546, 0.37232866883277893, 0.37120547890663147, 0.3733385503292084, 0.37389442324638367, 0.3705962300300598, 0.3704923093318939, 0.37522339820861816, 0.3729549050331116, 0.371192991733551, 0.36966177821159363, 0.3711892068386078, 0.3710634410381317, 0.36974582076072693, 0.36892732977867126, 0.3695446252822876, 0.3684651255607605]}