{"loss": [1.016771674156189, 0.9587805867195129, 0.9483804702758789, 0.9438511729240417, 0.9405526518821716, 0.9387000203132629, 0.9368047714233398, 0.9351574182510376, 0.9217925071716309, 0.9147125482559204, 0.9132702350616455, 0.9127933382987976, 0.9117704629898071, 0.9110866785049438, 0.9109252095222473, 0.9099370837211609, 0.9096288084983826, 0.9093843102455139, 0.9088691473007202, 0.9087201356887817, 0.9081659913063049, 0.9079988598823547, 0.9075953960418701, 0.9072267413139343, 0.906676173210144, 0.9068949222564697, 0.9066636562347412, 0.9065271019935608, 0.9059467315673828, 0.9061828255653381, 0.9059590101242065, 0.9056626558303833, 0.9057904481887817, 0.9052194356918335, 0.9051873087882996, 0.9047548770904541, 0.9049091339111328, 0.9049147963523865, 0.9045831561088562, 0.9044491052627563, 0.9041996002197266, 0.9039356708526611, 0.9037413001060486, 0.9038729667663574, 0.9037523865699768, 0.9036533236503601, 0.9034966230392456, 0.9032338857650757, 0.9034454822540283, 0.9029250144958496, 0.9031772017478943, 0.9029645323753357, 0.9023920297622681, 0.9028224349021912, 0.9026513695716858, 0.9022434949874878, 0.9020426869392395, 0.9019216895103455, 0.9022682905197144, 0.9018667936325073, 0.901604175567627, 0.9016010761260986, 0.9016340970993042, 0.9015998840332031, 0.9015177488327026, 0.9010441899299622, 0.9008287787437439, 0.9010178446769714, 0.9008961915969849, 0.9010820984840393, 0.9004920721054077, 0.9006493091583252, 0.9007154107093811, 0.9002851843833923, 0.9007671475410461, 0.9006050825119019, 0.9002687931060791, 0.9001281261444092, 0.8998035788536072, 0.9002220034599304, 0.8999809622764587, 0.8998420238494873, 0.9000387191772461, 0.9000437259674072, 0.8998339772224426, 0.8996610641479492, 0.8998171091079712, 0.8994181156158447, 0.8995250463485718, 0.8995903730392456, 0.8994569182395935, 0.8993909358978271, 0.8992752432823181, 0.899229109287262, 0.8991779088973999, 0.8993138670921326, 0.8991569876670837, 0.8989137411117554, 0.8987909555435181, 0.8990224003791809], "val_loss": [1.1041642427444458, 1.0690569877624512, 1.0632634162902832, 1.0848286151885986, 1.060199499130249, 1.0658906698226929, 1.0617495775222778, 1.0606703758239746, 1.0367991924285889, 1.0355751514434814, 1.0294691324234009, 1.0401815176010132, 1.0341248512268066, 1.031630039215088, 1.0332155227661133, 1.033898115158081, 1.0255987644195557, 1.0308372974395752, 1.0280965566635132, 1.0297199487686157, 1.0273125171661377, 1.0292967557907104, 1.0317814350128174, 1.0250521898269653, 1.028438687324524, 1.0285675525665283, 1.0302848815917969, 1.0300370454788208, 1.0282838344573975, 1.0267179012298584, 1.026138424873352, 1.0250920057296753, 1.0281835794448853, 1.0301264524459839, 1.0291011333465576, 1.0262339115142822, 1.0283409357070923, 1.036678433418274, 1.031744122505188, 1.02854585647583, 1.0288736820220947, 1.0305818319320679, 1.0245548486709595, 1.0243397951126099, 1.0286275148391724, 1.0257443189620972, 1.0249688625335693, 1.0246564149856567, 1.0287030935287476, 1.024864912033081, 1.0298786163330078, 1.0262372493743896, 1.0251067876815796, 1.032850980758667, 1.0259723663330078, 1.0280418395996094, 1.0260196924209595, 1.0259898900985718, 1.0296835899353027, 1.0260523557662964, 1.0248275995254517, 1.0250895023345947, 1.0254158973693848, 1.0282992124557495, 1.0243672132492065, 1.025989055633545, 1.0302274227142334, 1.0251359939575195, 1.0273414850234985, 1.0252701044082642, 1.0267858505249023, 1.0280096530914307, 1.0257580280303955, 1.024035096168518, 1.0258821249008179, 1.0243180990219116, 1.0313820838928223, 1.023958683013916, 1.0273994207382202, 1.0261679887771606, 1.0251619815826416, 1.0260953903198242, 1.0252087116241455, 1.027092456817627, 1.024733304977417, 1.027919888496399, 1.027202844619751, 1.0292621850967407, 1.0296927690505981, 1.0258960723876953, 1.0264772176742554, 1.0282726287841797, 1.0269699096679688, 1.0261439085006714, 1.0273513793945312, 1.0271191596984863, 1.0266540050506592, 1.0268080234527588, 1.0286650657653809, 1.035982370376587]}